Clinic,Address,City,State,Zip,Treatment center,Detection center,Currently live in latest run,First seen by monitor,Last seen by monitor,Phone,Website,Providers,Epioxa facility ID
20/20 Eyecare,"9553 Fields Ertel Road, Loveland, OH 45140",Loveland,OH,45140,No,Yes,No,2026-08-08T12:34:16+00:00,2026-08-25T12:35:18+00:00,+15138486699,2020eyecareoh.com,Alex Gibberman; David Williams,f6ea1400-871b-480c-a63e-cf20614ab4ac
Advanced Vision Care,"2710 East Airline Road, Victoria, TX 77901",Victoria,TX,77901,No,Yes,Yes,2026-07-29T13:54:58+00:00,2026-08-29T16:02:50+00:00,+13615242353,https://avcvictoria.com/our-practice/,Valorie Baker OD,8656e976-a277-4c55-92cf-9b43c61637eb
Anderson & Chhabra Eyecare Center- Tampa,"719 West Fletcher Avenue, Tampa, FL 33612",Tampa,FL,33612,No,Yes,Yes,2026-07-22T01:05:31+00:00,2026-08-29T16:02:50+00:00,+18132804075,https://andersoneyecarecenter.com/,"Aundrea Pelakatiyage; Neeta Chhabra OD, MS, FAAO, FSLS; Richard Weisenberger; Julia Malone",34b00054-59d4-4339-96d7-bc526ee61596
Anderson & Chhabra EyeCare Center- Wesley Chapel,"3822 Turman Loop, Wesley Chapel, FL 33544",Wesley Chapel,FL,33544,No,Yes,Yes,2026-07-22T01:05:31+00:00,2026-08-29T16:02:50+00:00,+18137617753,https://andersoneyecarecenter.com/,"Neeta Chhabra OD, MS, FAAO, FSLS; Richard Weisenberger; Julia Malone; Aundrea Pelakatiyage",e2c336aa-dc9d-4a93-b5b7-2656ec3c3dae
Anh Nguyen Ophthalmology,"6402 Arlington Blvd / Suite 600, Falls Church, VA 22042",Falls Church,VA,22042,Yes,Yes,Yes,2026-08-14T12:51:38+00:00,2026-08-29T16:02:50+00:00,+17032238300,http://virginia-lasik.com/,,0aa96b67-1a7b-4d6d-a319-3947d55f7327
Appalachian Eye Care,"3082 Robert C Byrd Drive, Beckley, WV 25801",Beckley,WV,25801,No,Yes,Yes,2026-08-29T16:02:50+00:00,2026-08-29T16:02:50+00:00,+13049244230,,"Brad Lane OD, MBA, Med; Misty Lane OD; McKenzie Bright OD",fc4ed793-ebc7-4e00-9224-045e84c84ec4
Appalachian Eye Care,"324 Oakvale Road
Suite 100, Princeton, WV 24740",Princeton,WV,24740,No,Yes,Yes,2026-08-27T21:34:51+00:00,2026-08-29T16:02:50+00:00,+13043816203,,"Brad Lane OD, MBA, Med; Christopher Hansen OD; Misty Lane OD; Amanda Sarver OD; McKenzie Bright OD; Blake Hopkins OD",3d0eff50-72dc-4578-9d62-ae61d98b99b9
Artisan Eye,"6600 University Parkway, Sarasota, FL 34240",Sarasota,FL,34240,No,Yes,Yes,2026-07-18T21:18:20+00:00,2026-08-29T16:02:50+00:00,+19412745293,https://www.artisaneyelwr.com/,Cory Collier,5798d31a-112f-4b4a-b737-52eb8ec2172b
Augusta University,"1120 15th Street / Medical Center- Talmadage Bldg (BA), Augusta, GA 30912",Augusta,GA,30912,Yes,No,Yes,2026-08-01T13:05:04+00:00,2026-08-29T16:02:50+00:00,+17065234353,https://www.augusta.edu/mcg/ophthalmology/,Amy Estes MD,f2856736-0cb1-4dcf-85e8-5cd1a16fe50f
Austin Optometry Group,"1 City Boulevard West #111, Orange, CA 92868",Orange,CA,92868,No,Yes,Yes,2026-08-22T12:25:34+00:00,2026-08-29T16:02:50+00:00,+14053452384,https://www.austinoptometrygroup.com/,,100e7b42-5dbf-4b25-92f4-278f16a1c931
Azman Eye Care Specialists,"1427 Clarkview Road, Baltimore, MD 21209",Baltimore,MD,21209,No,Yes,Yes,2026-07-18T21:18:20+00:00,2026-08-29T16:02:50+00:00,+14433359705,https://azmaneye.com,,411f7720-6265-43b5-b505-6911a326eabf
Black Hills Regional Eye Institute,"2800 Third St, Rapid City, SD 57701",Rapid City,SD,57701,Yes,Yes,Yes,2026-07-24T13:24:06+00:00,2026-08-29T16:02:50+00:00,+16057025171,,,d937b227-2994-445c-aaf2-c188c5f0314f
Boston Vision,"159 River Road, Andover, MA 01810",Andover,MA,01810,No,Yes,Yes,2026-07-18T21:18:20+00:00,2026-08-29T16:02:50+00:00,+16177444017,https://www.bostonvision.com/services/cornea/corneal-cross-linking/?dlmtrk_referrer=https%3A%2F%2Fwww.google.com%2F&dlmtrk_landing=https%3A%2F%2Fwww.bostonvision.com%2Fpatient-resources%2Fpatient-portal%2F&dlmtrk_source=google_organic,Emily Nangle OD,56f9454e-17ea-4128-a269-bebe7ff7f538
Boston Vision,"25 Marston Street
Marston Medical Building Suite 104, Lawrence, MA 01841",Lawrence,MA,01841,No,Yes,No,2026-07-22T01:05:31+00:00,2026-08-27T21:34:51+00:00,+19377525492,https://www.bostonvision.com/services/cornea/corneal-cross-linking,Alexander Martin OD,7e1a4622-6fec-4c38-9740-1a7949dbb98f
Boston Vision,"200 Fortune Boulevard, Milford, MA 01757",Milford,MA,01757,No,Yes,Yes,2026-07-18T21:18:20+00:00,2026-08-29T16:02:50+00:00,+16179586040,https://www.bostonvision.com/services/cornea/corneal-cross-linking,Nirali Patel OD,0ccab1d5-c0d2-40ba-8e20-7b7ef37efa02
Boston Vision,"204 Worcester Street, Wellesley, MA 02481",Wellesley,MA,02481,No,Yes,Yes,2026-07-18T21:18:20+00:00,2026-08-29T16:02:50+00:00,+16206223356,https://www.bostonvision.com/services/cornea/corneal-cross-linking,Yen Nguyen OD,53c29ab2-50ef-45d1-add8-1b87d25e2841
Bright Eyes Optical New Rochelle,"177 B East Main Street, New Rochelle, NY 10801",New Rochelle,NY,10801,No,Yes,No,2026-07-23T00:58:32+00:00,2026-08-04T13:55:18+00:00,+19145439989,www.brighteyesny.com,Sumati Deutscher,14c3edce-0d06-491d-95aa-b754c7596325
California Oaks Vision Center,"24640 Jefferson Avenue Suite 100, Murrieta, CA 92562",Murrieta,CA,92562,No,Yes,Yes,2026-07-28T13:49:51+00:00,2026-08-29T16:02:50+00:00,+19516696149,www.visionsource-murrieta.com,,43bd3872-68d2-4a57-9304-fe839ecfe35f
Carolina Vision Care,"1804 West Arlington Boulevard, Greenville, NC 27834",Greenville,NC,27834,No,Yes,No,2026-07-28T13:49:51+00:00,2026-08-04T13:55:18+00:00,+12523583330,www.carolinavisioncare.com,Scott McIntosh OD; Thomas McIntosh OD; Lady B. Aycock OD,b4b695bc-589a-4037-8264-63ab49c650b9
Catalina Eye Care - Oro Valley,"10281 North Oracle Road, Tucson, AZ 85737",Tucson,AZ,85737,No,Yes,Yes,2026-07-18T21:18:20+00:00,2026-08-29T16:02:50+00:00,+15206755177,Catalinaeyecare.com,Luis Antillon OD; Leslie Wintraub OD,141c6cd4-e08b-40a2-b72b-ad0ba10520d8
Chicago Arbor Eye Institute,"9731 W. 165th St / Ste 31, Orland Park, IL 60467",Orland Park,IL,60467,Yes,No,Yes,2026-07-30T13:44:50+00:00,2026-08-29T16:02:50+00:00,+19785747319,https://www.arboreyecare.com/content/our-specialities,Ravi Shah; Fatima Ali,2f14b003-ae25-44f5-bde9-a68eed1bf606
Chroma-Optics Burlington,"370 Shelburne Road, Burlington, VT 05401",Burlington,VT,05401,No,Yes,Yes,2026-07-18T21:18:20+00:00,2026-08-29T16:02:50+00:00,+18022147460,chromaoptics.com,,efb9a43a-1a74-4f11-8bb6-22347d32f358
Clear Vision San Antonio - Stone Oak,"1314 East Sonterra Boulevard Suite 2103, San Antonio, TX 78258",San Antonio,TX,78258,No,Yes,Yes,2026-07-28T13:49:51+00:00,2026-08-29T16:02:50+00:00,+12109085073,https://www.clearvisionsanantonio.com/locations/san-antonio-stone-oak/?y_source=1_MjAyNTg5NDYyOC03MTUtbG9jYXRpb24ud2Vic2l0ZQ%3D%3D,Ricardo Sepulveda; Robert Green MD; Christian Lopez OD,d473e426-57bd-4c64-a92e-7b006498bab9
Clemmons Family Eye Care,"6301 Stadium Drive, Clemmons, NC 27012",Clemmons,NC,27012,No,Yes,Yes,2026-08-16T12:25:42+00:00,2026-08-29T16:02:50+00:00,+13368279967,www.clemmonsfamilyeyecare.com,Tyler Groce,0cb4d713-6e72-404c-89d4-ee70fb0dfceb
Clemson Eye,"22995 U.S. 76, Clinton, SC 29325",Clinton,SC,29325,No,Yes,Yes,2026-08-27T21:34:51+00:00,2026-08-29T16:02:50+00:00,+18645489459,,Matthew Stolz,8c852a81-9fea-4184-842a-6a094c9ad6f5
Clinton Eye Associates,"116 E Main ST, Clinton, CT 06413",Clinton,CT,06413,No,Yes,No,2026-08-28T21:38:28+00:00,2026-08-28T21:38:28+00:00,+18606153787,https://www.clintoneye.com,,a1f929c0-ae7e-49d0-81ba-7a535ad43626
Compton & Compton Eye Care,"1111 Nashville Road, Franklin, KY 42134",Franklin,KY,42134,No,Yes,No,2026-07-22T01:05:31+00:00,2026-08-26T12:38:49+00:00,+12706828474,https://visionsource-fseyecare.com/,Alex Compton OD; Steve Compton,b767ecd4-1514-41cb-add4-82ffaa4cd7ae
Cornea and Cataract of Tucson,"6422 E. Speedway / Suite 100, Tucson, AZ 85710",Tucson,AZ,85710,No,Yes,Yes,2026-07-18T21:18:20+00:00,2026-08-29T16:02:50+00:00,+15205040245,https://www.corneatucson.com/,Ann McColgin MD; Mingwu Wang MD; Bohan Xing MD,79f2f423-5d1e-4b4a-a5ba-1a6d926aae26
Emplify Health,"3111 Gundersen Dr,, Onalaska, WI 54650",Onalaska,WI,54650,Yes,Yes,Yes,2026-08-11T12:49:25+00:00,2026-08-29T16:02:50+00:00,+16082994458,,,e7e71751-216d-4e47-8586-8e62303e5da0
"Eye Center, Inc.","2003 Cortez Road West, Bradenton, FL 34207",Bradenton,FL,34207,No,Yes,Yes,2026-08-14T12:51:38+00:00,2026-08-29T16:02:50+00:00,+19413930859,,Brad Laudicina; Madison Easterling,b705f866-4525-4838-a345-0586efcdd63e
Eye Rx Chevy Chase,"4600 North Park Avenue, Chevy Chase, MD 20815",Chevy Chase,MD,20815,No,Yes,No,2026-07-22T01:05:31+00:00,2026-08-24T12:35:44+00:00,+16592562807,https://www.eyerxchevychase.com/?utm_source=google&utm_medium=organic&utm_campaign=gbp&utm_content=website_link,,bf0e7b11-ff24-4691-8312-159051386ff3
Eye Theory Stone Oak,"115 North Loop 1604 East Suite 1103, San Antonio, TX 78232",San Antonio,TX,78232,No,Yes,Yes,2026-07-30T13:44:50+00:00,2026-08-29T16:02:50+00:00,+12765826184,https://www.eyetheory.com,Sanjay Nancherla,f5369969-e029-472d-8f94-dcefbff60020
EyeCare Associates,"8436 Vaughn Road, Montgomery, AL 36117",Montgomery,AL,36117,No,Yes,Yes,2026-08-06T13:50:19+00:00,2026-08-29T16:02:50+00:00,+13344233651,https://www.webeca.com/,"Benjamin Harris; Frederick ""Rick"" Jackson",5fe5f676-3ac5-4f77-aad8-b5d357a2cd06
EyeCare Specialties Lincoln,"2943 Pine Lake Road, Lincoln, NE 68516",Lincoln,NE,68516,No,Yes,Yes,2026-08-22T12:25:34+00:00,2026-08-29T16:02:50+00:00,+15312234819,,Krystal Rogge; Brian Brightman OD,cba2f288-c835-4582-9b29-f2e7b8134109
Family Vision Center,"3175 South State Road 7, Wellington, FL 33449",Wellington,FL,33449,No,Yes,Yes,2026-07-25T13:10:49+00:00,2026-08-29T16:02:50+00:00,+15612090499,https://www.fvcenter.com/?utm_source=gbp&utm_medium=organic,Lori Mazza; Kara Hayes,6b732cfa-b72c-4226-85d9-8efaf125dd18
First Sight Vision Care,"8115 Maple Lawn Boulevard, Fulton, MD 20759",Fulton,MD,20759,No,Yes,Yes,2026-08-05T13:52:29+00:00,2026-08-29T16:02:50+00:00,+15722340167,https://www.firstsightvisioncare.com/,,a69316be-1995-446f-93d2-18f8b8c434d0
Five Points Eyecare,"698 South Milledge Avenue, Athens, GA 30605",Athens,GA,30605,No,Yes,Yes,2026-08-27T21:34:51+00:00,2026-08-29T16:02:50+00:00,+17065285353,fivepointseyecare.com,Nadine Humen Forche,bc201267-26a1-4267-b2b2-66a044fab7c9
Friedrichs Family Eye Center,"1975 Virginia Avenue, Martinsville, VA 24112",Martinsville,VA,24112,No,Yes,Yes,2026-08-27T21:34:51+00:00,2026-08-29T16:02:50+00:00,+12762657224,www.friedrichsfamilyeyecenter.com,"Peyton Simpson OD, FAAO; Gray Friedrichs OD; Casey Ramirez Cortes OD; Jill Christian-Friedrichs OD",4aa4b9ad-a50b-4fc1-8ecf-336579d05c60
Geisinger Healthplex Centerpoint,"1201 Oak Street, Pittston, PA 18640",Pittston,PA,18640,Yes,No,Yes,2026-07-24T13:24:06+00:00,2026-08-29T16:02:50+00:00,+15707745541,,Steve Carrubba MD,e5733aa8-3791-48cb-8cfb-a1df5acdc679
Gowri Pachigolla,"634 Uptown Blvd, Cedar Hill, TX 75104",Cedar Hill,TX,75104,Yes,Yes,Yes,2026-07-18T21:18:20+00:00,2026-08-29T16:02:50+00:00,+17744486442,https://www.texaseyes.com/,Jamie Gold,cf961061-8be3-4f7d-a50b-8afb1ec43155
Graystone Eye,"2640 North Carolina 105, Boone, NC 28607",Boone,NC,28607,No,Yes,No,2026-08-02T13:06:35+00:00,2026-08-03T14:25:18+00:00,+15074458153,graystone-eye.com,Kayli Standridge,b26df1c1-26ef-4b27-b9d8-7b169187c5ce
Graystone Eye,"2424 Century Place SE, Hickory, NC 28602",Hickory,NC,28602,Yes,Yes,Yes,2026-07-29T13:54:58+00:00,2026-08-29T16:02:50+00:00,+12184266198,https://www.graystone-eye.com/cornea-services/,Jacob Keener; Heather Day; Ralph Oursler; Richard Chang,56e88bbf-e52f-4fe1-91a9-6d72f02eac21
Grene Vision Group,"3910 N. Ridge Rd., Wichita, KS 67205",Wichita,KS,67205,No,Yes,Yes,2026-08-22T12:25:34+00:00,2026-08-29T16:02:50+00:00,+13168371857,,Anthony Taylor OD; Martin de la Presa,c7216ffb-5b2b-48b3-9f05-7935b043b1ba
Grin Eye Care Brookside,"520 East 63rd Street, Kansas City, MO 64110",Kansas City,MO,64110,No,Yes,Yes,2026-08-22T12:25:34+00:00,2026-08-29T16:02:50+00:00,+19134212626,https://www.grineyecare.com/locations/brookside,Hannah Fann OD,75655ec7-4f1e-4032-a345-1ba0cd2258cf
GW Eye Associates,"7841 Fay Avenue, San Diego, CA 92037",San Diego,CA,92037,No,Yes,Yes,2026-08-11T12:49:25+00:00,2026-08-29T16:02:50+00:00,+18588676184,www.gweye.com,,ba25e340-1efb-40bf-bdbb-a5493545da5c
Harborview Medical Center,"PO Box 50009, Seattle, WA 98145",Seattle,WA,98145,No,Yes,Yes,2026-07-18T21:18:06+00:00,2026-08-29T16:02:50+00:00,+12295543108,https://www.uwmedicine.org/locations/harborview-medical-center?utm_source=extnet&utm_medium=organic&utm_campaign=website_clicks&y_source=1_MTAwNDcxNDM0Ni03MTUtbG9jYXRpb24ud2Vic2l0ZQ%3D%3D,,2ae754fc-1a01-4c67-82c6-3373b8d44398
Harvard Eye Associates,"3500 Barranca Pkwy / Suite 290, Irvine, CA 92606",Irvine,CA,92606,Yes,Yes,Yes,2026-07-18T21:18:20+00:00,2026-08-29T16:02:50+00:00,+19492032644,http://www.harvardeye.com/services/specialty-eye-care/keratoconus/,,51b0a25d-186c-495f-a863-64732e73fd48
Hill Vision Services,"12601 Olive Blvd, Creve Coeur, MO 63141",Creve Coeur,MO,63141,No,Yes,Yes,2026-08-27T21:34:51+00:00,2026-08-29T16:02:50+00:00,+13149483943,http://www.hillvisionservices.com/services/cornea-services/corneal-transplant-surgery/,Goeffery Hill; Timothy Blankenship OD,c0c1b01b-1f74-43b6-ba2f-3efc659d8909
Horvath Vision Care Northwoods,"180 Northwoods Boulevard, Columbus, OH 43235",Columbus,OH,43235,No,Yes,No,2026-07-23T00:58:32+00:00,2026-07-23T02:10:23+00:00,+18158814070,horvathvisionnorthwoods.com,Rebecca Lugar; Breanna Williams; Lara Leach; Katie Simonovich; Wasim Sleiman; Jamie Horvath; Mark Horvath,d8cf34c2-8ce1-4779-a532-c211d5d4d3c6
Idaho Eye and Laser Center,"2025 E 17th St., Idaho Falls, ID 83404",Idaho Falls,ID,83404,Yes,Yes,Yes,2026-08-27T21:34:51+00:00,2026-08-29T16:02:50+00:00,+12082719374,,Shane Wynn; Bradley Gardner M.D.; Spencer Harris MD; Kurt Hepworth,9fa28ace-4e73-4b44-ac83-f77f735e4ada
Idaho Eye and Laser Center,"426 Parkview Loop East, Twin Falls, ID 83301",Twin Falls,ID,83301,No,Yes,Yes,2026-08-27T21:34:51+00:00,2026-08-29T16:02:50+00:00,+12089238324,,Bradley Gardner M.D.; Spencer Harris MD; James Davis,50e28b7e-e758-4a9c-a37c-8fe26d13fd50
Kings Highway Vision Center,"1302 Kings Highway, Brooklyn, NY 11229",Brooklyn,NY,11229,No,Yes,No,2026-08-14T12:51:38+00:00,2026-08-23T12:26:17+00:00,+13186598780,https://www.kingshighwayvisioncenter.com/,Olga Alekberov,4a11aa6f-5ee2-4716-9341-016cd4dea5d5
Kirkwood Eye Associates,"200 South Kirkwood Road, Kirkwood, MO 63122",Kirkwood,MO,63122,No,Yes,No,2026-08-27T21:34:51+00:00,2026-08-27T21:34:51+00:00,+13144611661,kirkwoodeye.com,Andrew Biondo; Jessica TU OD,0d12550d-2052-4875-992c-fac72e717064
Lake Vision Optometry,"25321 Railroad Canyon Road #503, Lake Elsinore, CA 92532",Lake Elsinore,CA,92532,No,Yes,Yes,2026-08-27T21:34:51+00:00,2026-08-29T16:02:50+00:00,+19517203234,https://www.lakevisionoptometry.com/,,dac01437-691d-45f7-bd20-123592947c65
Laser Vision Correction Center of New Jersey,"16 South Jefferson Road, Hanover, NJ 07981",Hanover,NJ,07981,No,Yes,Yes,2026-08-01T13:05:04+00:00,2026-08-29T16:02:50+00:00,+19733544536,https://lasikcenternj.com/,Christina Benn OD,867ed5f7-48e9-4546-86ab-1b6fc55eea49
Lenscrafters Cascade Station,"10021 Northeast Cascades Parkway, Portland, OR 97220",Portland,OR,97220,No,Yes,Yes,2026-08-04T13:55:18+00:00,2026-08-29T16:02:50+00:00,+15039873415,https://local.lenscrafters.com/or/portland/10021-ne-cascades-parkway.html?cid=yext_E897&y_source=1_MTc4Nzc1MjItNzE1LWxvY2F0aW9uLndlYnNpdGU%3D,,32430a76-608f-4664-bc8f-d0a54af2a42c
Littleton Family Eyecare,"1869 West Littleton Boulevard, Littleton, CO 80120",Littleton,CO,80120,No,Yes,Yes,2026-08-01T13:05:04+00:00,2026-08-29T16:02:50+00:00,+18454156491,https://littletonfamilyeyecare.com/,,76898d3a-9d8e-4ea4-ad90-cfdf01af95f7
Look Optometric,"17400 Irvine Boulevard Suite N, Tustin, CA 92780",Tustin,CA,92780,No,Yes,Yes,2026-08-27T21:34:51+00:00,2026-08-29T16:02:50+00:00,+17147108853,https://www.lookoptometric.com/,,c60afcb2-5c5b-44f0-ba8c-8b30bd6de6c6
Meadows Eye Physicians and Surgeons,"1090 East Desert Inn Road, Las Vegas, NV 89109",Las Vegas,NV,89109,No,Yes,Yes,2026-08-21T12:33:35+00:00,2026-08-29T16:02:50+00:00,+12707139469,https://meadowseye.com,Jonathan Peterson MD,e16b1640-2e00-43de-ada5-5399df17fd85
Medical University of South Carolina,"167 Ashley Avenue, Charleston, SC 29425",Charleston,SC,29425,Yes,No,Yes,2026-08-27T21:34:51+00:00,2026-08-29T16:02:50+00:00,+18436043283,,"Karen Fernadez; Larissa Gouvea; Karolinne Rocha M.D., Ph.D.",3b54dccd-e28a-4dc3-a372-84c7afab1047
Menard Eye Center,"4315 Lake Street, Lake Charles, LA 70605",Lake Charles,LA,70605,No,Yes,Yes,2026-07-30T13:44:50+00:00,2026-08-29T16:02:50+00:00,+13374694755,,,dae27ffe-f0e3-4d1c-a09a-3a76b8bdc3a8
Michigan Eye Institute - Lake Orion,"1240 South Lapeer Road, Orion Township, MI 48360",Orion Township,MI,48360,No,Yes,No,2026-08-01T13:05:04+00:00,2026-08-19T12:33:15+00:00,+12489650396,https://mieye.com/lake-orion/,,43996f7e-00cc-4dc7-b631-b321f6d0b7cb
Midwestern University Eye Clinic,"5865 West Uptopia Road, Glendale, AZ 85308",Glendale,AZ,85308,Yes,Yes,Yes,2026-08-01T13:05:04+00:00,2026-08-29T16:02:50+00:00,+16232409437,https://clinics.midwestern.edu/glendale-clinics/eye-institute-az,Robert Fintelmann MD FACS; Wendy Huang MD,959ccbee-0230-49e5-b33d-ac025f5a7854
Midwestern University Optical,"19555 N 59th Ave, Glendale, AZ 85308",Glendale,AZ,85308,No,Yes,Yes,2026-07-31T13:50:30+00:00,2026-08-29T16:02:50+00:00,+16234555539,http://midwestern.edu,Daniel Deligio; Kevin Helmuth; Taylor Bosch; Sarah Huff; Jasandeep Uppal; Rimpi Narwhal; Michael Bogaard; Rachel Stephan; Christopher Lowe; Elizabeth Escobedo; Pierce Kenworthy; Alicia Feis; Aron Piranio; Cori Jones; Ashley Olson; Grace Liao; Sylvia Panora; Michael Kozlowski; Renee Doss; Patricia Bogaard; Eric Woo; Krupa Patel; Sarah Thomas; Megan Baker,8c686c4f-f8f8-443e-ac5c-0a2ff1774650
Modern Eyes Optometry - Ala Moana,"1450 Ala Moana Boulevard, Honolulu, HI 96814",Honolulu,HI,96814,No,Yes,Yes,2026-07-18T21:18:20+00:00,2026-08-29T16:02:50+00:00,+18088622748,https://himoderneyes.com/,,8d418934-0ee7-47ff-add5-2c6427ad8eba
Modern Eyes Optometry - Lenscrafters at Pearlridge,"98-1005 Moanalua Road, Aiea, HI 96701",Aiea,HI,96701,No,Yes,Yes,2026-07-22T01:05:31+00:00,2026-08-29T16:02:50+00:00,+18085158616,https://himoderneyes.com/,,d97fe7b8-db20-409f-b3b6-4a06d2949b9b
Mount Airy Medical Eye Center,"1401 Ridge Court, Mount Airy, MD 21771",Mount Airy,MD,21771,No,Yes,No,2026-07-22T01:05:31+00:00,2026-08-17T12:30:43+00:00,+13016354257,https://www.mountairymedicaleyecenter.com/,,c6c40821-4a07-4499-af23-63a523db30b1
Murrieta Creek Optometry,"39252 Winchester Road, Murrieta, CA 92563",Murrieta,CA,92563,No,Yes,Yes,2026-08-27T21:34:51+00:00,2026-08-29T16:02:50+00:00,+19515972688,https://murrietacreekoptometry.com/,,be214a54-0477-4378-b84a-aeb7449e74ab
NEOES -Streetsboro,"1155 Ohio 303, Streetsboro, OH 44241",Streetsboro,OH,44241,No,Yes,Yes,2026-08-27T21:34:51+00:00,2026-08-29T16:02:50+00:00,+13307364354,,,3d823915-9adb-464b-8437-6b70dae999af
Nielsen Eye Center,"300 Congress St, Quincy, MA 02169",Quincy,MA,02169,No,Yes,Yes,2026-07-18T21:18:20+00:00,2026-08-29T16:02:50+00:00,+16173797826,https://www.golasik.net/medical-surgical/crosslinking-and-keratoconus/,Helen Moreira MD; Nitasha Khanna MD; Maria Lopez MD,a258c907-bf36-4cec-9351-e179a562ea7a
NJ Eye and Ear,"1016 Main Avenue, Clifton, NJ 07011",Clifton,NJ,07011,No,Yes,Yes,2026-07-18T21:18:20+00:00,2026-08-29T16:02:50+00:00,+19737917083,https://www.njeyeandear.com,Karina Puleo; Jennifer Ariola; Wae Shin; Idil Bilgin; Lauren Rosato; Tina Choe; Joseph Szorentini; Jimmy Hu,15509a6c-b3b2-4f27-8e0e-a3e4548cbdc7
Normandy Optical - Rochester,"137 South Livernois Road, Rochester Hills, MI 483071837",Rochester Hills,MI,483071837,No,Yes,No,2026-07-23T00:58:32+00:00,2026-07-29T13:54:58+00:00,+19129152663,https://www.normandyoptical.com/locations/rochester-hills,,659e088d-0fb5-4075-8576-cce22a27f0c3
Northeast Ohio Eye Surgeons - Akron (Valley),"1558 Akron Peninsula Road, Akron, OH 44313",Akron,OH,44313,No,Yes,Yes,2026-08-27T21:34:51+00:00,2026-08-29T16:02:50+00:00,+13306210346,,,8b829332-0a0d-4989-b3f2-5d2dcf77063b
Northeast Ohio Eye Surgeons - Canton 1,"800 McKinley Avenue Northwest, Canton, OH 44703",Canton,OH,44703,No,Yes,Yes,2026-08-27T21:34:51+00:00,2026-08-29T16:02:50+00:00,+13305879753,,,c29dcf26-6242-4a8d-b136-1b1330c40621
Northeast Ohio Eye Surgeons - Kent,"2103 Ohio 59, Kent, OH 44240",Kent,OH,44240,No,Yes,Yes,2026-08-27T21:34:51+00:00,2026-08-29T16:02:50+00:00,+13303558724,,,8489c8d6-8279-4b2c-93e8-d0bb3b0f3e8a
Northeast Ohio Eye Surgeons - Medina,"3583 Reserve Commons Drive, Medina, OH 44256",Medina,OH,44256,No,Yes,Yes,2026-08-27T21:34:51+00:00,2026-08-29T16:02:50+00:00,+13306323611,,,ce5ef811-5075-450d-90d2-9fda28778c31
Northeast Ohio Eye Surgeons - Medina2,"4463 Weymouth Road, Medina, OH 44256",Medina,OH,44256,No,Yes,Yes,2026-08-27T21:34:51+00:00,2026-08-29T16:02:50+00:00,+13305212854,,,79a766b5-95c7-4f50-bc48-a379e41fd36e
Northeast Ohio Eye Surgeons - N Canton,"6407 Frank Avenue Northwest, North Canton, OH 44720",North Canton,OH,44720,No,Yes,Yes,2026-08-27T21:34:51+00:00,2026-08-29T16:02:50+00:00,+13307719605,,,5b393643-dd77-4b4c-9fa6-cea782776a98
Northeast Ohio Eye Surgeons - Stow,"4227 Allen Road, Stow, OH 44224",Stow,OH,44224,No,Yes,Yes,2026-08-27T21:34:51+00:00,2026-08-29T16:02:50+00:00,+13309196124,,,08136427-af40-4a02-9b9e-2ead8c6e9a69
Northeast Ohio Eye Surgeons - Wadsworth,"1st Street, Wadsworth, OH 44281",Wadsworth,OH,44281,No,Yes,Yes,2026-08-27T21:34:51+00:00,2026-08-29T16:02:50+00:00,+13305787062,,,d7923c30-6be2-49e0-8e61-b5b7cd068668
Northern Virginia Doctors of Optometry,"7249 Arlington Boulevard, Falls Church, VA 22042",Falls Church,VA,22042,No,Yes,Yes,2026-07-18T21:18:20+00:00,2026-08-29T16:02:50+00:00,+16592745340,http://www.novaeyedocs.com/,,b5fc237b-596b-4919-ae31-29580e6daf2e
OCLI Queens-Richmond Hill,"119-15 Atlantic Avenue, Queens, NY 11418",Queens,NY,11418,No,Yes,Yes,2026-08-27T21:34:51+00:00,2026-08-29T16:02:50+00:00,+14422642932,https://www.ocli.net/locations/eye-doctor-in-queens-richmond-hill/,Yuliya Angelova,0a7748dc-eabf-4910-9527-ec3c9a1cdc7d
OCLI Vision New Haven County: East Haven,"317 Foxon Road, East Haven, CT 06513",East Haven,CT,06513,No,Yes,Yes,2026-07-22T01:05:31+00:00,2026-08-29T16:02:50+00:00,+15706957427,https://www.ocli.net/locations/eye-doctor-in-new-haven-county-east-haven/,Himakshi Bhatt; Talia Shoshany,ae0aa020-1354-4f43-aeaf-549651134c73
Ophthalmic Partners,"775 East Route 70, Marlton, NJ 08053",Marlton,NJ,08053,Yes,Yes,Yes,2026-08-06T13:50:19+00:00,2026-08-29T16:02:50+00:00,+18566364355,https://oppdoctors.com/,Brandon Ayres; Brenton Finklea MD; Marisa Schoen MD,41ae30bd-c443-46a2-a96e-3d65ece6f97c
Ophthalmology Consultants,"12990 Manchester Road / Suite 201, St Louis, MO 63131",St Louis,MO,63131,No,Yes,Yes,2026-08-27T21:34:51+00:00,2026-08-29T16:02:50+00:00,+13143505150,,Steven Lee MD; Erin Sullivan; Michelle Derheimer; Joseph Gira,6130f387-d5ed-4081-bfe1-f2ac54527706
Optical Illusions San Jose,"377 Santana Row, Suite #1115, San Jose, CA 95128",San Jose,CA,95128,No,Yes,Yes,2026-07-30T13:44:50+00:00,2026-08-29T16:02:50+00:00,+18506130979,www.opti-illusions.com,,0ad7858b-c125-43f8-8af1-fc53f72d7d23
Optical Illusions San Mateo,"194 West Hillsdale Boulevard, San Mateo, CA 94403",San Mateo,CA,94403,No,Yes,No,2026-07-29T13:54:58+00:00,2026-08-25T12:35:18+00:00,+16504569437,www.opti-illusions.com,,1629d45b-294f-4b14-aaf4-b8463b4a2010
Optical Illusions San Ramon,"6000 Bollinger Canyon Road, Suite #1104, San Ramon, CA 94583",San Ramon,CA,94583,No,Yes,Yes,2026-07-30T13:44:50+00:00,2026-08-29T16:02:50+00:00,+19254453041,www.opti-illusions.com,,c42c2a65-5681-4e90-8010-ea64c4c353b8
Optum Pediatric Opthalmology,"146 Manetto Hill Road, Plainview, NY 11803",Plainview,NY,11803,No,Yes,Yes,2026-08-27T21:34:51+00:00,2026-08-29T16:02:50+00:00,+15166146551,https://www.optum.com/en/care/facilities/ny/optum-pediatric-ophthalmology-and-strabismus-plainview-13601_1001032001.html,Jill Marcus,5a0d2968-7052-4507-9824-e4e760ddc9a2
Palmer Eye Care,"17510 Provost Street Suite 103, Lake Oswego, OR 97034",Lake Oswego,OR,97034,No,Yes,Yes,2026-08-27T21:34:51+00:00,2026-08-29T16:02:50+00:00,+19713663428,,,a3abc078-c9c6-4343-ac40-00f5354f114a
Princeton Optometry,"211 North Harrison Street, Princeton, NJ 08540",Princeton,NJ,08540,No,Yes,Yes,2026-07-18T21:18:20+00:00,2026-08-29T16:02:50+00:00,+16096922215,https://www.princeton-optometry.com,Michelle Chung,517cfc42-b9d2-4b51-b992-c097cd48143f
Professional Optometry Vision Care,"77 Veterans Memorial Highway, Commack, NY 11725",Commack,NY,11725,No,Yes,No,2026-08-27T21:34:51+00:00,2026-08-27T21:34:51+00:00,+16315402072,https://pvc-optometry.com/,Sonia Valle,a6611a0c-f326-458f-b64e-8534daaecf71
Professional Vision Care- Westerville,"185 South State Street, Westerville, OH 43081",Westerville,OH,43081,No,Yes,Yes,2026-08-09T12:37:07+00:00,2026-08-29T16:02:50+00:00,+16148812384,https://www.professionalvisioncareinc.com/hours-directions/westerville/,Bradley Johnson; Derek Eibon; Jennifer Aschenbener,7ed7bd85-469b-4ea2-9ea0-a3e0dd4d4bd3
Riverwoods Eye Center,"280 W River Park Dr / Suite 220, Provo, UT 84604",Provo,UT,84604,No,Yes,Yes,2026-08-27T21:34:51+00:00,2026-08-29T16:02:50+00:00,+15044203850,http://www.riverwoodseyecenter.com/services/#advanced-cornea-care,Matthew Ward MD,d2069ee0-9c0c-49ad-953b-cbccc1c616d3
Rockland Eye | OCLI Vision,"1 Crosfield Avenue, West Nyack, NY 10994",West Nyack,NY,10994,No,Yes,Yes,2026-07-18T21:18:20+00:00,2026-08-29T16:02:50+00:00,+18454098031,,Nathaniel Nataneli; Taylor Kupferberg,f68e6ffa-8ba2-4ab6-bbfe-9cdbf5d7f42e
Ross Eye Institute,"1176 Main Street, buffalo, NY 14209",buffalo,NY,14209,No,Yes,Yes,2026-08-19T12:33:15+00:00,2026-08-29T16:02:50+00:00,+17163005729,https://www.rosseye.com/,,77adaade-0ccc-4969-a1a2-60852761bbdf
Sea Eye Care,"9573 Shore Drive STE E, Norfolk, VA 23518",Norfolk,VA,23518,No,Yes,No,2026-08-04T13:55:18+00:00,2026-08-26T12:38:49+00:00,+17575749971,https://www.seaeyecare.org/,James Komornik OD,43b537e8-1173-40db-9754-a2b788e4f201
Select Eye Care,"8601 LaSalle Rd / Ste 108, Towson, MD 21286",Towson,MD,21286,Yes,No,Yes,2026-07-24T13:24:06+00:00,2026-08-29T16:02:50+00:00,+14105931393,https://www.select-eyecare.com/,,3686762a-f278-42e7-b596-1d2f0906c8f3
Sight MD Babylon,"500 West Main Street / Suite 210, Babylon, NY 11702",Babylon,NY,11702,No,Yes,Yes,2026-08-05T13:52:29+00:00,2026-08-29T16:02:50+00:00,+16318372629,https://www.sightmd.com/locations/babylon/?utm_source=gmb&utm_medium=local_listings,Eric Rosenberg; Michael Lamonica; Alanna Natis,130b33fc-ef36-4e67-b1a9-66ece8910156
SightMD Plainview,"100 Manetto Hill Road, Plainview, NY 11803",Plainview,NY,11803,No,Yes,Yes,2026-08-27T21:34:51+00:00,2026-08-29T16:02:50+00:00,+15167155479,https://www.sightmd.com/our-doctors/madhavi-jaspal-od/,Madhavi Jaspal,d74fc2dd-0d94-4e84-bf9f-79fc21adfa3b
Sound Shore Vision Center,"271 Smithtown Boulevard, Nesconset, NY 11767",Nesconset,NY,11767,No,Yes,Yes,2026-07-30T13:44:50+00:00,2026-08-29T16:02:50+00:00,+19145869350,https://soundshorevision.net/staff/steve-d-rubinstein-od/,Steven Rubinstein,b66f491c-a9be-405a-a239-75ee54a21bb5
Sound Vision Care,"1721 North Ocean Avenue, Medford, NY 11763",Medford,NY,11763,No,Yes,Yes,2026-07-18T21:18:20+00:00,2026-08-29T16:02:50+00:00,+16318574704,https://www.soundvisioncare.com,Michelle McKillop,9f061a19-fca9-40df-b9b0-1e5e6f2756e2
Spectrum Optical - Morgantown Location,"1257 Pineview Drive, Morgantown, WV 26505",Morgantown,WV,26505,No,Yes,Yes,2026-07-18T21:18:20+00:00,2026-08-29T16:02:50+00:00,+13045073360,www.spectrumoptical.com,Cynthia Zwolensky OD; Tyler Kerr OD,a45b0329-94e7-4227-bf7a-68dfb44292ef
SSM Health,"2850 O’Keefe Avenue,, Sun Prairie, WI 53590",Sun Prairie,WI,53590,Yes,Yes,Yes,2026-07-24T13:24:06+00:00,2026-08-29T16:02:50+00:00,+16082925596,,,9177dee6-c7f6-4011-a171-296aa4566298
Summit Health Management,"95 Madison Ave Floor 2, Morristown, NJ 07960",Morristown,NJ,07960,Yes,No,Yes,2026-07-31T13:50:30+00:00,2026-08-29T16:02:50+00:00,+19735524784,https://www.summitmedicalgroup.com/locations/morristown-95-madison-avenue,Ava Huchun,a9e75807-d36b-4e3c-9c04-f38176c4a40d
SUNY College of Optometry,"33 West 42nd Street, New York, NY 10036",New York,NY,10036,No,Yes,Yes,2026-07-18T21:18:20+00:00,2026-08-29T16:02:50+00:00,+14243953916,,Anupam Laul; Eva Duchnowski,b8e8e230-328f-4744-8a0d-b69006a984d5
Temecula Eye Center Optometry,"41720 Winchester Road D, Temecula, CA 92590",Temecula,CA,92590,No,Yes,Yes,2026-08-28T21:38:28+00:00,2026-08-29T16:02:50+00:00,+19513963911,https://www.temeculaeyecenter.net/,,ad8d1eed-e9b7-4b9b-a2e2-82a09e67094c
The Eye Clinic,"1767 Imperial Blvd., Lake Charles, LA 70605",Lake Charles,LA,70605,Yes,Yes,Yes,2026-07-30T13:44:50+00:00,2026-08-29T16:02:50+00:00,+13372522587,http://www.theeyeclinic.net/cornea-lake-charles/,,0919c645-a060-4f63-907f-c8e3f87bc937
Tower Clock Eye Center,"1087 West Mason St., Green Bay, WI 54303",Green Bay,WI,54303,Yes,Yes,Yes,2026-07-24T13:24:06+00:00,2026-08-29T16:02:50+00:00,+19207893781,towerclockeyecenter.com,,9e778072-94e3-44b4-9964-e6de13cc4dc9
Triad Eye,"3615 Southeast Kentucky Street, Bartlesville, OK 74006",Bartlesville,OK,74006,No,Yes,Yes,2026-08-27T21:34:51+00:00,2026-08-29T16:02:50+00:00,+19182011501,https://triadeye.com/contact-form/,,ca348d86-862c-4cb1-b9d4-29c5b3d57b4d
Triad Eye,"1715 North Lynn Riggs Boulevard, Claremore, OK 74017",Claremore,OK,74017,No,Yes,Yes,2026-08-27T21:34:51+00:00,2026-08-29T16:02:50+00:00,+19188883598,https://triadeye.com/contact-form/,,ae37e2e4-9041-4a7f-a759-c73edda96679
Triad Eye,"63223 Oklahoma 10, Grove, OK 74344",Grove,OK,74344,No,Yes,Yes,2026-08-27T21:34:51+00:00,2026-08-29T16:02:50+00:00,+19188429688,https://triadeye.com/contact-form/,,25af70cb-2674-42c7-baff-057087df90fc
Triad Eye,"1001 East Wyandotte Avenue, McAlester, OK 74501",McAlester,OK,74501,No,Yes,Yes,2026-08-27T21:34:51+00:00,2026-08-29T16:02:50+00:00,+19186015816,https://triadeye.com/contact-form/,,fcd61e01-d4c2-4aed-8b20-f5002252eef7
Triad Eye,"3131 Military Boulevard, Muskogee, OK 74401",Muskogee,OK,74401,No,Yes,Yes,2026-08-27T21:34:51+00:00,2026-08-29T16:02:50+00:00,+19182338371,,,a3bf7898-71c7-4758-ad49-9edcad3b9af9
Triad Eye,"1020 Northeast 1st Street, Pryor, OK 74361",Pryor,OK,74361,No,Yes,Yes,2026-08-27T21:34:51+00:00,2026-08-29T16:02:50+00:00,+19182285343,https://triadeye.com/contact-form/,,24a7d349-2a3b-4f31-8aab-1228c7073a90
Triad Eye- Brookside,"3906 South Peoria Avenue, Tulsa, OK 74105",Tulsa,OK,74105,No,Yes,Yes,2026-08-27T21:34:51+00:00,2026-08-29T16:02:50+00:00,+19187192360,https://triadeye.com/contact-form/,,618d6512-4da6-49ba-b07b-23537196bdf6
Triad Eye- Tulsa Satellite Clinic,"8023 East 63rd Place, Tulsa, OK 74133",Tulsa,OK,74133,No,Yes,Yes,2026-08-27T21:34:51+00:00,2026-08-29T16:02:50+00:00,+19183022739,https://triadeye.com/contact-form/,,23571fd7-e2e9-4fa5-ae41-865ab30b487c
True Vision Eye Care Morrisville,"102 Lower Shiloh Way
#105, Morrisville, NC 27560",Morrisville,NC,27560,No,Yes,Yes,2026-08-22T12:25:34+00:00,2026-08-29T16:02:50+00:00,+19199254886,https://truevisioneye.com/eye-doctor-in-morrisville-nc/,Brandon Weyand OD,28dbede9-c7b1-41d1-b141-dfc7e045c84f
True Vision Eye Care Raleigh,"9101 Leesville Road Suite 133, Raleigh, NC 27613",Raleigh,NC,27613,No,Yes,Yes,2026-08-22T12:25:34+00:00,2026-08-29T16:02:50+00:00,+19196291841,https://www.truevisioneye.com/,Jennifer Lyerly OD; Alecia L. Barnes OD,e7bde7dd-de1a-4fee-b7c8-352fa4bb025d
Tulman Eye Group,"880 Crestmark Drive, Lithia Springs, GA 30122",Lithia Springs,GA,30122,No,Yes,No,2026-07-22T01:05:31+00:00,2026-08-26T12:38:49+00:00,+16206302406,https://visionsource-tulmaneyegroup.com/,Bryan Truong; Mehrdad Saadat,cc318f2b-70f0-43ea-a8cc-52acb6d55583
UAB Eye Care/Optometry,"1716 University Boulevard, Birmingham, AL 35233",Birmingham,AL,35233,No,Yes,Yes,2026-07-18T21:18:20+00:00,2026-08-29T16:02:50+00:00,+12058947910,https://www.uab.edu/optometry/home/uab-eye-care,Candice Turner; Jennifer Craig; Ami Epstein,0b1b3190-eecc-4598-b4fc-bf0f1c59c115
University Eye Associates,"8316 Medical Plaza Drive, Charlotte, NC 28262",Charlotte,NC,28262,No,Yes,No,2026-08-22T12:25:34+00:00,2026-08-22T12:25:34+00:00,+17082947377,www.universityeye.net,Robert Hamp,624c4a35-8918-4315-b38b-b805987df6c4
University of Michigan-Brighton Center,"7500 Challis Road, Brighton, MI 48116",Brighton,MI,48116,No,Yes,Yes,2026-07-18T21:18:20+00:00,2026-08-29T16:02:50+00:00,+17349771572,https://www.uofmhealth.org/locations-list/ophthalmology-clinic-brighton-center-specialty-care,,7e2a376b-d0d7-4729-9239-b32754bb0721
University of Michigan-Canton,"1051 North Canton Center Road, Canton Township, MI 48187",Canton Township,MI,48187,No,Yes,Yes,2026-07-18T21:18:20+00:00,2026-08-29T16:02:50+00:00,+17343611056,,,9f749da6-1b64-461a-ae83-ae08b5e0f8b3
University of Michigan-Wall Street,"1000 Wall Street, Ann Arbor, MI 48105",Ann Arbor,MI,48105,No,Yes,Yes,2026-07-18T21:18:20+00:00,2026-08-29T16:02:50+00:00,+17345931397,,,930b58f6-3a13-430e-b0fc-2b0e5e7043fe
University of Michigan-West Ann Arbor,"380 Parkland Plaza, Ann Arbor, MI 48103",Ann Arbor,MI,48103,No,Yes,Yes,2026-08-27T21:34:51+00:00,2026-08-29T16:02:50+00:00,+17342159795,,,c1c8ca99-da4d-4905-9963-9f6f1197d245
University of Minnesota Health - Eye Care,"516 Delaware Street SE / 9th Floor, Minneapolis, MN 55455",Minneapolis,MN,55455,Yes,Yes,Yes,2026-07-24T13:24:06+00:00,2026-08-29T16:02:50+00:00,+16123244416,,,3dc55d70-cf2e-49a5-8e66-1e6709388b55
USC Roski Eye Institute,"1500 San Pablo St., Los Angeles, CA 90033",Los Angeles,CA,90033,Yes,No,Yes,2026-07-18T21:18:20+00:00,2026-08-29T16:02:50+00:00,+13237666923,https://keck.usc.edu/ophthalmology/,,34dc18f2-857f-4f0e-b8f3-9eef073a7f77
UW Health Eye Care,"1 South Park, Madison, WI 53715",Madison,WI,53715,No,Yes,Yes,2026-07-24T13:24:06+00:00,2026-08-29T16:02:50+00:00,+16084202761,http://www.uwhealth.org/eyecare/conditions-and-treatments/10778,,3ae4a09c-032b-4c0b-9304-f9243e3a25ce
Vision Eye Group / Warner Robins,"151 South Houston Lake Road  Suite 190, Warner Robins, GA 31088",Warner Robins,GA,31088,No,Yes,Yes,2026-08-21T12:33:35+00:00,2026-08-29T16:02:50+00:00,,visioneyegroup.com,"Mike Simmons, Jr",e41932b6-a92d-470a-9235-658bedeb2995
Vision Source - Lakewood Ranch,"11151 State Road 70 East, Bradenton, FL 34202",Bradenton,FL,34202,No,Yes,Yes,2026-08-27T21:34:51+00:00,2026-08-29T16:02:50+00:00,+19414011497,,Olga Sokol; Amara Turner; Troy Bedinghaus; Patrick Nelson; Jordan Petrosky,d27da35e-3490-4a0a-bac3-67b3fe6deae9
Vision Source - Parrish,"10060 US Hwy 301 N, Parrish, FL 34219",Parrish,FL,34219,No,Yes,Yes,2026-08-27T21:34:51+00:00,2026-08-29T16:02:50+00:00,+19414178576,,Olga Sokol; Amara Turner; Troy Bedinghaus; Patrick Nelson; Jordan Petrosky,73dbadd8-dbff-4958-ab71-2d84d74a84f9
Vision Source Eyecare KC Plaza,"4400 broadway - Suite 202, kansas city, MO 64111",kansas city,MO,64111,No,Yes,Yes,2026-08-27T21:34:51+00:00,2026-08-29T16:02:50+00:00,+18168443372,http://www.taubereye.com/,Crystal Remington OD,0b97dd33-c634-4bd5-a53a-f2d732c6bd73
Visionary Eye Clinic,"1600 Grand Central Avenue, Vienna, WV 26105",Vienna,WV,26105,No,Yes,Yes,2026-08-27T21:34:51+00:00,2026-08-29T16:02:50+00:00,+13043375930,,Kayla Campbell OD; Katie Palmer OD,2aab9f86-3061-4a89-b5d6-46fdfee9273c
VisionPro Optometry,"8400 Rosedale Highway, Bakersfield, CA 93312",Bakersfield,CA,93312,No,Yes,Yes,2026-08-04T13:55:18+00:00,2026-08-29T16:02:50+00:00,+16615365758,https://www.visionprooptometry.com/,,ddce1a54-4b23-4000-9fbb-f48489c0b754
Vistar Eye Center,"3320 Franklin Road SW, Roanoke, VA 24014",Roanoke,VA,24014,Yes,No,Yes,2026-07-30T13:44:50+00:00,2026-08-29T16:02:50+00:00,+15405155083,https://www.vistareye.com/locations/roanoke-franklin-road/,Stuart Tims MD,44e0511f-7450-410b-9ddc-6b8437cf2178
Vistar Eye Center - Botetourt,"70 Summerfield Court, Roanoke, VA 24019",Roanoke,VA,24019,No,Yes,Yes,2026-08-08T12:34:16+00:00,2026-08-29T16:02:50+00:00,+15405834233,https://www.vistareye.com/locations/botetourt/,Mac Scothorn OD,b1242083-ce47-4613-ab04-0849b3a0ae40
Washington Eye Doctors,"5454 Wisconsin Avenue, Chevy Chase, MD 20815",Chevy Chase,MD,20815,No,Yes,Yes,2026-08-01T13:05:04+00:00,2026-08-29T16:02:50+00:00,+12605303652,https://www.washingtoneyedoctors.com/chevy-chase-eye-doctor/?utm_source=OffSite&utm_medium=GMB,,e3959d6f-f4bd-4c68-9aa5-d9f9b13ba35a
Weill Cornell,"1305 York Ave / 11th Floor, New York, NY 10021",New York,NY,10021,Yes,No,Yes,2026-07-30T13:44:50+00:00,2026-08-29T16:02:50+00:00,+16468493163,https://weillcornell.org/services/ophthalmology,"Jessica Ciralsky MD; Ana Fernandez; Christopher Starr, MD; Edward Lai MD; Matthew Nguyen MD; Kimberly Sippel MD; Nadia Haqqie MD",f45f5d97-762d-4739-8cd5-317b1d05117b
Western University Eye Care Institute,"309 East 2nd Street, Pomona, CA 91766",Pomona,CA,91766,No,Yes,Yes,2026-08-27T21:34:51+00:00,2026-08-29T16:02:50+00:00,+19094984183,https://www.westernu.edu/,,aa4a919e-a68e-4a19-84fd-de942d5fec9c
Wilmington Eye,"1176 East Cutlar Crossing, Leland, NC 28451",Leland,NC,28451,No,Yes,Yes,2026-08-27T21:34:51+00:00,2026-08-29T16:02:50+00:00,+19109363876,www.wilmingtoneye.com,Madeline Brillhart,7257b914-ce14-4a91-b35b-55455d94712b
Wilmington Eye,"9020 Senca Drive, Wilmington, NC 28411",Wilmington,NC,28411,No,Yes,Yes,2026-08-27T21:34:51+00:00,2026-08-29T16:02:50+00:00,+19105970332,www.wilmingtoneye.com,Madeline Brillhart,e3cb8ad6-cb75-480e-8113-e7e9114b9f45
